tech,EUR,CO2
pv,120427.859511555,160.233933333333
wind,134879.202652942,36.75
coal,113840.011390484,13.8595555555556
nuc,128151.327108145,15.75
gas,25044.8025059065,1.2334
