tech,EUR,CO2
pv,0,0
wind,0,0
coal,10.7082273112808,1217.49
oil,153.585610838589,874.6
gas,86.5639404714869,728.71
bat_e,0,0
bat_p,0,0
trans,0,0
